file,variable,signal_index,class_index,first_12_samples
5Kfs_1Cycle_50f_1000Sam_1A.mat,Out,0,0,"[0.0, 0.062791, 0.125333, 0.187381, 0.24869, 0.309017, 0.368125, 0.425779, 0.481754, 0.535827, 0.587785, 0.637424]"
5Kfs_1Cycle_50f_1000Sam_1A.mat,Out,500,8,"[-0.452857, -0.555213, -0.655627, -0.750537, -0.836561, -0.910765, -0.970897, -1.015563, -1.044325, -1.057723, -1.186938, -1.173228]"
5Kfs_1Cycle_50f_1000Sam_1A.mat,Out,999,16,"[-0.625067, -0.574821, -0.522307, -0.467731, -0.41131, -0.353265, -0.293826, -0.233227, -0.171708, -0.109511, 0.160877, -0.191827]"
